{"cameraMode":{"drawMode":0,"name":"Shaded","section":"Shading Mode"},"sceneLighting":true,"audioPlay":false,"sceneViewState":{"showFog":true,"showMaterialUpdate":true,"showSkybox":true,"showFlares":true,"showImageEffects":true,"showParticleSystems":true},"in2DMode":false,"pivot":{"x":52.94380187988281,"y":-19.258079528808595,"z":33.73036575317383},"rotation":{"x":-0.1743289977312088,"y":-0.40240246057510378,"z":0.07836433500051499,"w":-0.8953158259391785},"size":59.55265426635742,"orthographic":false}